step_time,reward,total_stopped,total_wait_time,total_CO2_emission,average_speed
5.0,-11899.766114354012,1,0.0,11899.766114354012,0.12759354055194028
10.0,-27334.918689160306,0,0.0,27334.918689160306,0.2545182585282471
15.0,-68418.58279312725,1,0.0,68418.58279312725,0.6019690083914796
20.0,-39633.065849122315,1,0.0,39633.065849122315,0.6989079523928496
25.0,-55462.71726415127,3,2.0,55462.71726415127,0.5597874692680551
30.0,-50201.28754605129,3,10.0,50201.28754605129,0.3889081782030497
35.0,-53588.600423198855,0,3.0,53588.600423198855,0.598433739579453
40.0,-39178.75628037809,1,1.0,39178.75628037809,0.6061412198806122
45.0,-31715.01819932807,2,8.0,31715.01819932807,0.4555373290563664
50.0,-43485.673171735034,1,3.0,43485.673171735034,0.4637933151978008
55.0,-29246.42033532212,0,0.0,29246.42033532212,0.6138985827036635
60.0,-38010.804675766914,0,0.0,38010.804675766914,0.546856165346066
65.0,-24983.381162537717,0,0.0,24983.381162537717,0.6467595805915783
70.0,-35631.47432858741,1,0.0,35631.47432858741,0.5062793926988355
75.0,-28434.1559633132,3,7.0,28434.1559633132,0.27209641215249203
80.0,-72830.4086521386,4,13.0,72830.4086521386,0.26518438368381275
85.0,-69368.44700619289,2,5.0,69368.44700619289,0.4137995580332951
90.0,-77218.39598458514,1,6.0,77218.39598458514,0.6628911313822548
95.0,-40798.406960195025,1,1.0,40798.406960195025,0.4636303707374492
100.0,-61882.89700552833,2,4.0,61882.89700552833,0.35564274118957445
105.0,-64443.53814138986,4,17.0,64443.53814138986,0.4136607982329731
110.0,-41825.448834090166,2,21.0,41825.448834090166,0.5128314134053515
115.0,-25058.78455126578,0,0.0,25058.78455126578,0.30383256415139
120.0,-62896.35799739827,3,8.0,62896.35799739827,0.38304811258980437
125.0,-61570.99989555722,3,16.0,61570.99989555722,0.4963355149952584
130.0,-28290.9658808851,1,9.0,28290.9658808851,0.4555108267810478
135.0,-51471.37308177369,4,15.0,51471.37308177369,0.15609155584519982
140.0,-70511.04287747025,0,15.0,70511.04287747025,0.335717801113092
145.0,-87564.83726119992,0,0.0,87564.83726119992,0.6195957589339266
150.0,-64751.710509474535,1,5.0,64751.710509474535,0.676878808340063
155.0,-35313.97673546468,0,0.0,35313.97673546468,0.4236378917759619
160.0,-45181.77185855441,2,7.0,45181.77185855441,0.33657425920428835
165.0,-44241.60797410704,3,19.0,44241.60797410704,0.45246851539909827
170.0,-17762.043233527038,0,16.0,17762.043233527038,0.32878389525607365
175.0,-23854.400134188563,2,5.0,23854.400134188563,0.3687060311685796
180.0,-21811.24147092963,2,15.0,21811.24147092963,0.45711141188570625
185.0,-19517.468514854994,2,0.0,19517.468514854994,0.3633049058586713
190.0,-29826.71941737811,1,0.0,29826.71941737811,0.351164430996887
195.0,-55889.36592181814,1,0.0,55889.36592181814,0.43235385486260497
200.0,-35780.93017632992,1,2.0,35780.93017632992,0.43124218182696117
205.0,-50434.90643070568,1,0.0,50434.90643070568,0.551826754910991
210.0,-51855.48358253726,1,1.0,51855.48358253726,0.501824692956481
215.0,-36454.20979561497,0,3.0,36454.20979561497,0.6555520245286945
220.0,-26032.002148225096,1,3.0,26032.002148225096,0.4612612664096777
225.0,-37534.93787857655,4,12.0,37534.93787857655,0.3028964447931265
230.0,-30983.79075626946,0,11.0,30983.79075626946,0.4074108913350449
235.0,-43619.47054640229,1,2.0,43619.47054640229,0.596739094371514
240.0,-28555.493533869692,5,9.0,28555.493533869692,0.4299676878803144
245.0,-23705.946869647334,2,9.0,23705.946869647334,0.30505485461338916
250.0,-27570.595802366686,3,11.0,27570.595802366686,0.16892407414800056
255.0,-52257.50518076545,2,21.0,52257.50518076545,0.4857993946349926
260.0,-49721.252954001444,1,3.0,49721.252954001444,0.5790905200780542
265.0,-28731.865987473335,2,7.0,28731.865987473335,0.3686219059040239
270.0,-66489.08925916378,6,22.0,66489.08925916378,0.3268240885265272
275.0,-54478.86935178717,3,33.0,54478.86935178717,0.5187188111566934
280.0,-52597.23726682319,0,19.0,52597.23726682319,0.38358516066062304
285.0,-56272.42107693143,3,16.0,56272.42107693143,0.3283708876291278
290.0,-61429.04734892138,2,11.0,61429.04734892138,0.3855234258480855
295.0,-44281.623986458544,1,6.0,44281.623986458544,0.6190023243011333
300.0,-30105.014056605436,1,11.0,30105.014056605436,0.5940596253458895
305.0,-22355.439015624805,0,0.0,22355.439015624805,0.3470901176123461
310.0,-34658.888180656046,1,4.0,34658.888180656046,0.35251456585922425
315.0,-65091.768492054995,3,22.0,65091.768492054995,0.3665834490907623
320.0,-94910.92239973997,1,20.0,94910.92239973997,0.4697650309431169
325.0,-84935.37670986126,4,10.0,84935.37670986126,0.4563468416812065
330.0,-110254.08148467889,4,24.0,110254.08148467889,0.5059942799168965
335.0,-78661.63380764697,2,18.0,78661.63380764697,0.44557018203068177
340.0,-80425.10399849183,3,16.0,80425.10399849183,0.3833300091859716
345.0,-91963.99706159612,5,29.0,91963.99706159612,0.3619053569639928
350.0,-76937.22776692493,4,27.0,76937.22776692493,0.3890321408151898
355.0,-41171.907264000816,6,23.0,41171.907264000816,0.24772053462237623
360.0,-53528.60359986369,6,35.0,53528.60359986369,0.2723036718838116
365.0,-69512.3765193856,1,31.0,69512.3765193856,0.3592374246097327
370.0,-65962.25102011039,4,14.0,65962.25102011039,0.4900422987645537
375.0,-89185.86494913431,4,29.0,89185.86494913431,0.422225218700196
380.0,-58470.89603187182,1,30.0,58470.89603187182,0.44073507244223353
385.0,-76892.34076705013,5,16.0,76892.34076705013,0.3772167147427054
390.0,-49661.99856045771,9,35.0,49661.99856045771,0.21422797702963042
395.0,-70481.32004757984,3,39.0,70481.32004757984,0.28837028345152355
400.0,-60308.17353539815,4,22.0,60308.17353539815,0.4410441164919429
405.0,-29642.045840537143,4,34.0,29642.045840537143,0.3239060395218988
410.0,-64914.2088237547,1,22.0,64914.2088237547,0.31740856611510754
415.0,-43691.10563435887,3,14.0,43691.10563435887,0.480220732995147
420.0,-49508.44611858201,4,32.0,49508.44611858201,0.35199760718924716
425.0,-51641.363947000646,1,28.0,51641.363947000646,0.3409766500970508
430.0,-96019.88811443228,0,3.0,96019.88811443228,0.5071840050324196
435.0,-77066.19938205623,3,9.0,77066.19938205623,0.5444719828905944
440.0,-57477.38877894299,3,13.0,57477.38877894299,0.46615986026094586
445.0,-71455.99395496745,4,15.0,71455.99395496745,0.30596885322782735
450.0,-109067.09844332823,7,39.0,109067.09844332823,0.3266983636577072
455.0,-89746.86282525085,4,44.0,89746.86282525085,0.4995309730750835
460.0,-62209.92119452422,2,27.0,62209.92119452422,0.41826377701163686
465.0,-68549.84664957982,3,15.0,68549.84664957982,0.3538752567881307
470.0,-53582.989708917215,2,19.0,53582.989708917215,0.24537491013326826
475.0,-95497.07943013946,6,16.0,95497.07943013946,0.26481224935368486
480.0,-105193.7828059078,7,43.0,105193.7828059078,0.40272664588067747
485.0,-101247.06760023927,4,53.0,101247.06760023927,0.43317269613679077
490.0,-66435.70023582212,1,32.0,66435.70023582212,0.3649409295973931
495.0,-80436.6938744736,6,15.0,80436.6938744736,0.26069452891485234
500.0,-99239.96379424602,3,27.0,99239.96379424602,0.38820311238188504
505.0,-85421.19706179097,2,20.0,85421.19706179097,0.42369065914733967
510.0,-84179.39321305398,7,15.0,84179.39321305398,0.2925074999490078
515.0,-80207.42918949017,3,27.0,80207.42918949017,0.23235519851931632
520.0,-107368.20292487407,6,37.0,107368.20292487407,0.3183280842389337
525.0,-97934.09493938679,10,69.0,97934.09493938679,0.29970914292253464
530.0,-89284.56387021614,7,86.0,89284.56387021614,0.2787815796293795
535.0,-127390.56238329249,8,84.0,127390.56238329249,0.3295664705392127
540.0,-93861.18563938724,8,90.0,93861.18563938724,0.3186877485402841
545.0,-100360.30544577794,10,106.0,100360.30544577794,0.2569261855440518
550.0,-74763.33746855729,5,86.0,74763.33746855729,0.21508007496701684
555.0,-92374.77685087903,12,83.0,92374.77685087903,0.2373532667498691
560.0,-72987.15259532488,4,86.0,72987.15259532488,0.23454897768162705
565.0,-104927.38541051997,6,61.0,104927.38541051997,0.2727302109249262
570.0,-108152.89937791541,7,58.0,108152.89937791541,0.40878948101230617
575.0,-83221.59268741973,4,60.0,83221.59268741973,0.31041920431754016
580.0,-66277.31989490733,7,42.0,66277.31989490733,0.17277060364221408
585.0,-82504.53186147941,12,73.0,82504.53186147941,0.1869542863962253
590.0,-116287.94976490841,6,87.0,116287.94976490841,0.27734139140972647
595.0,-109123.61694035173,1,51.0,109123.61694035173,0.3542623189525702
600.0,-116220.72098168478,0,14.0,116220.72098168478,0.41892121174425234
605.0,-75751.33208268533,3,10.0,75751.33208268533,0.36121788452884795
610.0,-85603.25341711772,10,38.0,85603.25341711772,0.2205579418768491
615.0,-97031.59936389353,11,90.0,97031.59936389353,0.19827027562267685
620.0,-152042.2842004427,6,108.0,152042.2842004427,0.3272566127855557
625.0,-117803.74540165476,3,66.0,117803.74540165476,0.39488746208742964
630.0,-106670.95382297412,4,18.0,106670.95382297412,0.3174436724356808
635.0,-133167.2276313984,7,32.0,133167.2276313984,0.2810459986084196
640.0,-92547.77596725595,8,52.0,92547.77596725595,0.2576222667136668
645.0,-113561.71463901037,13,100.0,113561.71463901037,0.21239032854230527
650.0,-94619.75435706788,15,140.0,94619.75435706788,0.20680277246365456
655.0,-126385.49250631066,7,135.0,126385.49250631066,0.2689568138916107
660.0,-90922.08374987637,9,108.0,90922.08374987637,0.27901871823340607
665.0,-82401.7897212009,7,120.0,82401.7897212009,0.20755431743002614
670.0,-114223.51017948183,7,108.0,114223.51017948183,0.2569533989837291
675.0,-102922.80675234507,9,121.0,102922.80675234507,0.2771458135406864
680.0,-102610.88092206337,7,126.0,102610.88092206337,0.2598131946105557
685.0,-83963.43595665095,6,82.0,83963.43595665095,0.2521288569571998
690.0,-109963.74992354959,12,83.0,109963.74992354959,0.23837144695322066
695.0,-105510.2130984388,9,107.0,105510.2130984388,0.26359882678700874
700.0,-127318.97476033217,8,108.0,127318.97476033217,0.2432185211114114
705.0,-169507.800463693,9,108.0,169507.800463693,0.34199340364581426
710.0,-164407.7441739774,7,112.0,164407.7441739774,0.34628753339142804
715.0,-135326.35055540604,11,113.0,135326.35055540604,0.30616704767173186
720.0,-119080.35547139129,12,133.0,119080.35547139129,0.2733214896159027
725.0,-132352.50531116134,9,155.0,132352.50531116134,0.2663469645927643
730.0,-121472.30141899984,12,151.0,121472.30141899984,0.1947686044572156
735.0,-124932.22581399074,16,171.0,124932.22581399074,0.18018730198114846
740.0,-142405.0739921416,13,219.0,142405.0739921416,0.18144718046847183
745.0,-153088.96725065281,9,209.0,153088.96725065281,0.24231052882531712
750.0,-129300.5133133385,11,204.0,129300.5133133385,0.2633267482372004
755.0,-104596.57814950163,12,233.0,104596.57814950163,0.2103573599966006
760.0,-107352.15655099138,15,225.0,107352.15655099138,0.15820858950126626
765.0,-150443.32680536213,21,244.0,150443.32680536213,0.1754701763175827
770.0,-153923.1009417632,14,282.0,153923.1009417632,0.22182352553073237
775.0,-180094.47403196644,13,268.0,180094.47403196644,0.23560058780120172
780.0,-134996.33406773434,11,242.0,134996.33406773434,0.19243859595302662
785.0,-179033.210431931,12,263.0,179033.210431931,0.23879284893232694
790.0,-117485.51150678443,13,241.0,117485.51150678443,0.1935655066215497
795.0,-125182.46602607808,17,226.0,125182.46602607808,0.12179990992052274
800.0,-127598.07230049731,17,257.0,127598.07230049731,0.11877138498029768
805.0,-132512.13181504037,14,269.0,132512.13181504037,0.13168217049740114
810.0,-122565.7547148371,11,259.0,122565.7547148371,0.16711902487561367
815.0,-114615.62448855003,13,271.0,114615.62448855003,0.1819003292110663
820.0,-104730.82781305898,13,255.0,104730.82781305898,0.14413047720162403
825.0,-133469.32525901555,20,262.0,133469.32525901555,0.14135926228189422
830.0,-161035.10125849236,11,291.0,161035.10125849236,0.2692809417798781
835.0,-132560.3598010118,7,249.0,132560.3598010118,0.2443695563236081
840.0,-143890.40184318263,12,194.0,143890.40184318263,0.23199335445680233
845.0,-133319.32027047992,11,208.0,133319.32027047992,0.24393179264937695
850.0,-130080.24428364424,13,199.0,130080.24428364424,0.19856924890564337
855.0,-174521.00876628328,19,207.0,174521.00876628328,0.20056421723970058
860.0,-176355.96668081643,9,241.0,176355.96668081643,0.2647489537246669
865.0,-152693.68956194937,11,230.0,152693.68956194937,0.29662250885498337
870.0,-133295.86380633555,13,220.0,133295.86380633555,0.24055551507939735
875.0,-148603.14708926898,14,252.0,148603.14708926898,0.16740299356214375
880.0,-193469.30386598362,15,246.0,193469.30386598362,0.2156600839749419
885.0,-153779.29426228907,15,240.0,153779.29426228907,0.19190701855113898
890.0,-161933.80213067387,18,278.0,161933.80213067387,0.15625761888430148
895.0,-149272.79403185938,14,276.0,149272.79403185938,0.16981397219668648
900.0,-177389.91154927234,16,286.0,177389.91154927234,0.1798368207860464
905.0,-146221.64907464472,17,314.0,146221.64907464472,0.1764160618452012
910.0,-139901.1117153025,20,311.0,139901.1117153025,0.1381124028207429
915.0,-167879.8769109131,24,320.0,167879.8769109131,0.11422378032247577
920.0,-193565.36484334644,18,376.0,193565.36484334644,0.14299644168384218
925.0,-187134.64567149396,17,361.0,187134.64567149396,0.158874769455689
930.0,-218685.97719908683,19,369.0,218685.97719908683,0.16701549430748616
935.0,-184804.61849189692,16,400.0,184804.61849189692,0.17114748508974714
940.0,-164176.809204006,19,342.0,164176.809204006,0.1326502855317568
945.0,-193081.91076355267,26,373.0,193081.91076355267,0.1301007886946408
950.0,-175330.43845606476,21,439.0,175330.43845606476,0.11752466696477248
955.0,-199333.42153734068,22,468.0,199333.42153734068,0.12908400845462406
960.0,-198810.74630591128,25,512.0,198810.74630591128,0.12385891255746266
965.0,-189724.45127329312,20,549.0,189724.45127329312,0.13149586442343492
970.0,-229991.8972812601,24,545.0,229991.8972812601,0.14450985140402803
975.0,-204447.5858678779,22,536.0,204447.5858678779,0.14945981194115968
980.0,-187969.0031417311,22,590.0,187969.0031417311,0.12417770924595928
985.0,-202423.72165175003,22,600.0,202423.72165175003,0.1339582558041214
990.0,-222157.2205095353,26,608.0,222157.2205095353,0.12840900179385123
995.0,-186674.89513515838,25,665.0,186674.89513515838,0.11902237781493517
1000.0,-182426.34164371277,23,664.0,182426.34164371277,0.09530517075454598
1005.0,-196825.81046170264,28,664.0,196825.81046170264,0.11288158059184866
1010.0,-185845.2771726871,22,712.0,185845.2771726871,0.12340985313663012
1015.0,-212918.27099873585,23,706.0,212918.27099873585,0.10828247340166497
1020.0,-232523.2886947856,28,698.0,232523.2886947856,0.13225718210922013
1025.0,-205966.97179692992,21,744.0,205966.97179692992,0.12250085049261884
1030.0,-225410.82840023894,21,723.0,225410.82840023894,0.13119546649263217
1035.0,-211917.99160070595,19,714.0,211917.99160070595,0.14442717579068914
1040.0,-192241.50963862997,22,757.0,192241.50963862997,0.13464155389204702
1045.0,-180137.70630317027,23,755.0,180137.70630317027,0.11426234366199955
1050.0,-205855.99967820873,34,714.0,205855.99967820873,0.08461378663588925
1055.0,-210355.05896247376,23,781.0,210355.05896247376,0.10758197641019004
1060.0,-214341.11805073748,20,762.0,214341.11805073748,0.1303632777512198
1065.0,-202858.43047086897,25,733.0,202858.43047086897,0.12579757000780944
1070.0,-208972.85478753937,22,779.0,208972.85478753937,0.12116444998977778
1075.0,-214555.0416286745,18,749.0,214555.0416286745,0.11068796584816554
1080.0,-215885.52673312422,22,716.0,215885.52673312422,0.10147065195819772
1085.0,-196898.44009229564,24,772.0,196898.44009229564,0.10359985905884381
1090.0,-203760.02668085965,22,777.0,203760.02668085965,0.10510991386123587
1095.0,-234791.35567433992,23,753.0,234791.35567433992,0.11262780004281223
1100.0,-193207.07805394588,24,807.0,193207.07805394588,0.11634809354610458
1105.0,-204007.38869425625,22,787.0,204007.38869425625,0.09418437120320092
1110.0,-219597.73362766276,30,756.0,219597.73362766276,0.09405990553132061
1115.0,-214018.01123799363,22,802.0,214018.01123799363,0.10436479920775185
1120.0,-200388.32537639583,22,833.0,200388.32537639583,0.10202271910316336
1125.0,-214715.3595303797,27,782.0,214715.3595303797,0.10306028014826628
1130.0,-203516.73082211323,23,830.0,203516.73082211323,0.11370092270833786
1135.0,-228398.2018383923,19,811.0,228398.2018383923,0.11524117960681467
1140.0,-225015.89551554126,22,779.0,225015.89551554126,0.1126878524325151
1145.0,-219078.20366904303,24,822.0,219078.20366904303,0.10117387831773018
1150.0,-226177.47477555365,23,806.0,226177.47477555365,0.10144302709540748
1155.0,-216644.18405928352,30,770.0,216644.18405928352,0.09700427264429141
1160.0,-223962.0038830973,23,837.0,223962.0038830973,0.1066684002089221
1165.0,-220340.40964444794,24,843.0,220340.40964444794,0.10397030066071153
1170.0,-230479.8393571489,29,829.0,230479.8393571489,0.09777453858217168
1175.0,-225060.52047374786,24,891.0,225060.52047374786,0.09989340158444254
1180.0,-243194.06537469744,28,842.0,243194.06537469744,0.09542932963511119
1185.0,-238982.27573169276,32,849.0,238982.27573169276,0.09634512620563987
1190.0,-212364.49775869524,27,904.0,212364.49775869524,0.09002111919235853
1195.0,-219467.96719757823,24,898.0,219467.96719757823,0.0918496927021808
1200.0,-230021.83136165637,27,908.0,230021.83136165637,0.09415099417353841
1205.0,-220585.8392892495,22,957.0,220585.8392892495,0.0991751852337459
1210.0,-219573.98470548828,26,985.0,219573.98470548828,0.09725482593492865
1215.0,-221739.7700537519,24,941.0,221739.7700537519,0.1011534354188883
1220.0,-215594.95131783996,24,974.0,215594.95131783996,0.09758037998532895
1225.0,-219879.1448558164,25,970.0,219879.1448558164,0.10265199648167415
1230.0,-212684.4387943656,30,953.0,212684.4387943656,0.09470831647235264
1235.0,-237211.9278530581,24,1007.0,237211.9278530581,0.12128128604238733
1240.0,-209477.25388882303,18,938.0,209477.25388882303,0.11270150298459987
1245.0,-227908.62602091115,20,917.0,227908.62602091115,0.11557358886268242
1250.0,-201885.2237698555,23,937.0,201885.2237698555,0.09600116137114868
1255.0,-228090.5512655949,22,927.0,228090.5512655949,0.10493653472870496
1260.0,-216842.19231368904,30,901.0,216842.19231368904,0.10384693055099299
1265.0,-233321.42402511722,27,952.0,233321.42402511722,0.11020362812703648
1270.0,-217870.18561016163,22,933.0,217870.18561016163,0.10677317306252869
1275.0,-224651.8622385415,29,878.0,224651.8622385415,0.10580548651990813
1280.0,-231728.62486268263,28,942.0,231728.62486268263,0.09066033145243584
1285.0,-234823.72751324202,26,940.0,234823.72751324202,0.10354500823379695
1290.0,-227235.52705992543,29,915.0,227235.52705992543,0.10985496900057234
1295.0,-231158.27540983012,25,955.0,231158.27540983012,0.10118920791217485
1300.0,-204688.05741257645,23,900.0,204688.05741257645,0.10443982630942236
1305.0,-196543.8331090218,25,882.0,196543.8331090218,0.09872239940513998
1310.0,-205348.7106728144,27,931.0,205348.7106728144,0.0804497192477757
1315.0,-206039.45014812335,26,930.0,206039.45014812335,0.10452582018988632
1320.0,-213852.5652595357,27,915.0,213852.5652595357,0.11142189667165614
1325.0,-184144.96703722922,19,944.0,184144.96703722922,0.11077090019407632
1330.0,-192102.1450082333,20,903.0,192102.1450082333,0.107421764077197
1335.0,-204491.38577548598,27,840.0,204491.38577548598,0.09735565837747492
1340.0,-197929.05638224044,23,889.0,197929.05638224044,0.09411324673689116
1345.0,-197332.77776127143,22,876.0,197332.77776127143,0.10767415780198204
1350.0,-223179.870285963,24,843.0,223179.870285963,0.12796257870459965
1355.0,-204115.8776334123,22,871.0,204115.8776334123,0.12688884543636988
1360.0,-190253.26458539802,23,793.0,190253.26458539802,0.1195414690510183
1365.0,-195838.31991483853,31,782.0,195838.31991483853,0.11666866891742408
1370.0,-184863.0820579578,26,854.0,184863.0820579578,0.09069823965468382
1375.0,-191801.19509306632,23,846.0,191801.19509306632,0.10257123335766292
1380.0,-196809.06455833974,26,825.0,196809.06455833974,0.11500160997069085
1385.0,-193989.2194771639,25,864.0,193989.2194771639,0.11174608944136323
1390.0,-172307.89223961247,23,834.0,172307.89223961247,0.0995493403259436
1395.0,-203803.1325747494,27,797.0,203803.1325747494,0.11847531824640709
1400.0,-172761.8846349763,20,820.0,172761.8846349763,0.12778888222551474
1405.0,-160907.18378328762,17,789.0,160907.18378328762,0.11670830825981778
1410.0,-172455.45664203845,23,745.0,172455.45664203845,0.11197414391661592
1415.0,-146757.80201270428,22,787.0,146757.80201270428,0.08308319076949304
1420.0,-212137.17327691047,21,763.0,212137.17327691047,0.12241049936859082
1425.0,-186221.0325693266,19,720.0,186221.0325693266,0.14800054886272979
1430.0,-158798.4330198751,16,721.0,158798.4330198751,0.09202487281215488
1435.0,-197064.57959604292,14,710.0,197064.57959604292,0.11912821659659288
1440.0,-188212.95263673604,26,745.0,188212.95263673604,0.1132301374727448
1445.0,-178004.77071905162,22,782.0,178004.77071905162,0.10629776544014198
1450.0,-203568.29439899925,20,785.0,203568.29439899925,0.1173473945854021
1455.0,-196467.45043736085,22,730.0,196467.45043736085,0.13687728270502816
1460.0,-163921.22529381188,20,768.0,163921.22529381188,0.12547298314140584
1465.0,-161301.45003762745,21,770.0,161301.45003762745,0.13849390773846293
1470.0,-174794.3452022655,26,769.0,174794.3452022655,0.11982641774379399
1475.0,-153283.07774234808,19,812.0,153283.07774234808,0.1099537275471295
1480.0,-154378.12332448555,14,773.0,154378.12332448555,0.11010872549328578
1485.0,-177464.65452227808,18,683.0,177464.65452227808,0.13376906899109317
1490.0,-148001.9497742713,16,711.0,148001.9497742713,0.15360382566571879
1495.0,-134389.96126638193,19,703.0,134389.96126638193,0.12273648752586658
1500.0,-166361.22574422605,22,702.0,166361.22574422605,0.11710192460724395
1505.0,-167231.25572330516,17,728.0,167231.25572330516,0.13563663093184034
1510.0,-161102.92374057425,14,644.0,161102.92374057425,0.14735195860850753
1515.0,-153075.77084951618,15,597.0,153075.77084951618,0.16394500831614758
1520.0,-159398.90697498398,13,620.0,159398.90697498398,0.1685413692515805
1525.0,-183885.22063616582,17,623.0,183885.22063616582,0.16913131395194264
1530.0,-160598.3482320905,25,632.0,160598.3482320905,0.1623180007176237
1535.0,-145690.13673990898,17,664.0,145690.13673990898,0.13838824777953226
1540.0,-175841.5734049623,13,621.0,175841.5734049623,0.18729875564298645
1545.0,-120955.35657333942,16,555.0,120955.35657333942,0.18066665285330005
1550.0,-111994.49236002678,18,588.0,111994.49236002678,0.10767525497424202
1555.0,-133350.7691591898,15,582.0,133350.7691591898,0.10559212870849852
1560.0,-128543.26285043365,19,588.0,128543.26285043365,0.152579018880236
1565.0,-104227.64557467506,11,598.0,104227.64557467506,0.16023112011812765
1570.0,-115278.66726657642,12,537.0,115278.66726657642,0.13897125643085528
1575.0,-123525.43937104341,10,440.0,123525.43937104341,0.16869715847058775
1580.0,-134223.52830262022,12,454.0,134223.52830262022,0.15819990076957852
1585.0,-126446.58229041501,12,458.0,126446.58229041501,0.20052735942115457
1590.0,-124042.64291853362,17,435.0,124042.64291853362,0.1602771166940234
1595.0,-129529.83236233512,13,451.0,129529.83236233512,0.19030365394863644
1600.0,-122606.7038937433,11,396.0,122606.7038937433,0.2027812696897518
1605.0,-102288.22173808928,14,340.0,102288.22173808928,0.1825913012728114
1610.0,-104255.20910784553,12,360.0,104255.20910784553,0.1521849722169295
1615.0,-93014.34237742188,10,361.0,93014.34237742188,0.17998778504763066
1620.0,-96476.60042458466,9,355.0,96476.60042458466,0.23098290585256845
1625.0,-92777.04812377805,8,342.0,92777.04812377805,0.23805843270329102
1630.0,-97400.83796856977,11,303.0,97400.83796856977,0.16648796806605257
1635.0,-83533.74597865494,13,267.0,83533.74597865494,0.17149150348643133
1640.0,-92877.27084355548,6,284.0,92877.27084355548,0.17279510694428743
1645.0,-87762.07254708746,5,251.0,87762.07254708746,0.29001649903076215
1650.0,-48253.683126282835,8,247.0,48253.683126282835,0.21482863688887172
1655.0,-44283.64753053367,9,244.0,44283.64753053367,0.0802901817434824
1660.0,-61235.86607365,10,219.0,61235.86607365,0.08989887339647418
1665.0,-85724.44058979598,9,168.0,85724.44058979598,0.20277463054325257
1670.0,-76797.19115832787,3,158.0,76797.19115832787,0.36656075015219425
1675.0,-75112.5121569029,4,146.0,75112.5121569029,0.3609410889676126
1680.0,-62758.53755057417,8,159.0,62758.53755057417,0.33587765855523266
1685.0,-59435.40245627834,8,150.0,59435.40245627834,0.22386870545580134
1690.0,-53515.52358749893,4,105.0,53515.52358749893,0.29206793983725177
1695.0,-51225.89180191748,4,50.0,51225.89180191748,0.2104473499396256
1700.0,-65621.94849679465,0,31.0,65621.94849679465,0.2970126390942449
1705.0,-86279.34361600902,5,32.0,86279.34361600902,0.43766698663677195
1710.0,-71990.58303668862,5,52.0,71990.58303668862,0.572541318441567
1715.0,-40069.68686396193,1,31.0,40069.68686396193,0.4224008905735838
1720.0,-47194.349425609194,2,9.0,47194.349425609194,0.286142028022658
1725.0,-60669.04295667505,4,22.0,60669.04295667505,0.22409073105778632
1730.0,-78308.14767419144,0,11.0,78308.14767419144,0.4069331109841067
1735.0,-104211.81558717368,0,0.0,104211.81558717368,0.6354551184281412
1740.0,-44864.190896522545,0,0.0,44864.190896522545,0.6227285315512621
1745.0,-32708.706123081804,1,1.0,32708.706123081804,0.2946424746785845
1750.0,-59495.95243291617,4,10.0,59495.95243291617,0.33046960959248056
1755.0,-62109.0194299671,6,30.0,62109.0194299671,0.40274470624101966
1760.0,-53273.58257737461,2,31.0,53273.58257737461,0.3914047109865356
1765.0,-63617.1440070653,3,16.0,63617.1440070653,0.5149441846558983
1770.0,-44353.767575317004,3,18.0,44353.767575317004,0.5072644165821653
1775.0,-23991.511653651407,0,9.0,23991.511653651407,0.3672427200765933
1780.0,-35884.888644029685,4,9.0,35884.888644029685,0.2681166954030443
1785.0,-48869.49485826686,5,26.0,48869.49485826686,0.3091083174064039
1790.0,-37103.6235167519,2,28.0,37103.6235167519,0.4334472556491882
1795.0,-68793.08848862268,1,7.0,68793.08848862268,0.5415387724691952
1800.0,-54180.389513663344,0,0.0,54180.389513663344,0.641343154879827
1805.0,-43200.69573350067,0,0.0,43200.69573350067,0.8675747768907933
1810.0,-12218.808919996885,0,0.0,12218.808919996885,0.7488523584063218
1815.0,-18406.547137097783,1,1.0,18406.547137097783,0.12309527791920992
1820.0,-34964.964258084154,0,3.0,34964.964258084154,0.34567985068863444
1825.0,-30037.94973038963,0,0.0,30037.94973038963,0.719433991287117
1830.0,-31080.967871766094,1,0.0,31080.967871766094,0.5841432593661642
1835.0,-12263.081945009291,0,0.0,12263.081945009291,0.5012774532281712
1840.0,-24036.23287033277,1,4.0,24036.23287033277,0.3283576887356597
1845.0,-48480.60338117573,2,11.0,48480.60338117573,0.4404120365042888
1850.0,-33811.87380701321,1,5.0,33811.87380701321,0.5505741060155374
1855.0,-24116.622282992634,0,0.0,24116.622282992634,0.4971495369967255
1860.0,-37831.68722513274,0,0.0,37831.68722513274,0.5642410169697183
1865.0,-17670.478792231086,0,0.0,17670.478792231086,0.7980307790881976
1870.0,-24092.434324253187,0,0.0,24092.434324253187,0.6230413146138453
1875.0,-30548.889638616107,1,5.0,30548.889638616107,0.4710484137208568
1880.0,-24879.232530236848,0,0.0,24879.232530236848,0.8539058533178885
1885.0,-14963.08586148337,0,0.0,14963.08586148337,0.7062984987640014
1890.0,-17070.3942003304,2,5.0,17070.3942003304,0.07518987422269803
1895.0,-30601.329173250182,1,3.0,30601.329173250182,0.37915451291477736
1900.0,-24377.843370420553,0,0.0,24377.843370420553,0.8322001057445735
1905.0,-24622.006602690366,0,0.0,24622.006602690366,0.5921177611572135
1910.0,-35273.993761242724,0,0.0,35273.993761242724,0.656756282810322
1915.0,-18148.464790149763,0,0.0,18148.464790149763,0.6952906269171159
1920.0,-34052.75254258984,1,4.0,34052.75254258984,0.31924678026961917
1925.0,-37457.495953594684,0,0.0,37457.495953594684,0.4889623709044579
1930.0,-33412.60173080863,0,0.0,33412.60173080863,0.7690970537024677
1935.0,-10201.288797567018,1,5.0,10201.288797567018,0.6347504658911042
1940.0,-4729.15778018073,0,1.0,4729.15778018073,0.2997385490971169
1945.0,-20002.09339076096,3,6.0,20002.09339076096,0.08186144291876098
1950.0,-43542.545596070835,4,20.0,43542.545596070835,0.27511482451555797
1955.0,-54971.206372493856,1,18.0,54971.206372493856,0.48235286118622767
1960.0,-25624.97318813727,0,0.0,25624.97318813727,0.6371116473108637
1965.0,-30959.628468051964,1,2.0,30959.628468051964,0.6653945647960223
1970.0,-8965.02842053496,0,0.0,8965.02842053496,0.47920541714332665
1975.0,-21778.915119184294,2,1.0,21778.915119184294,0.2339537557288173
1980.0,-42443.563038806824,2,10.0,42443.563038806824,0.3229886734217504
1985.0,-64847.93287240645,0,7.0,64847.93287240645,0.49171949140385585
1990.0,-44729.77456771045,1,2.0,44729.77456771045,0.5588822741595807
1995.0,-37883.650970225215,1,7.0,37883.650970225215,0.6488354716652736
2000.0,-24596.4766877678,1,0.0,24596.4766877678,0.5915727456657135
2005.0,-21677.770283819817,2,1.0,21677.770283819817,0.3705634943437425
2010.0,-31698.724029349476,3,14.0,31698.724029349476,0.39292166781745874
2015.0,-17184.981153581404,0,15.0,17184.981153581404,0.47656013964067173
2020.0,-16829.304395345698,1,2.0,16829.304395345698,0.2846486568958583
2025.0,-38685.04059716988,1,7.0,38685.04059716988,0.4663124448566567
2030.0,-14294.218905408427,0,1.0,14294.218905408427,0.9766911996876736
2035.0,-6688.554043218146,0,0.0,6688.554043218146,0.7307989731169973
2040.0,-11962.935617406822,0,0.0,11962.935617406822,0.4356494277135386
2045.0,-6534.889022589655,0,0.0,6534.889022589655,0.49487380200382525
2050.0,-5025.47253782664,0,0.0,5025.47253782664,0.37099726081170853
2055.0,-8915.025513458677,1,2.0,8915.025513458677,0.08808002277808243
2060.0,-36499.497643095165,0,6.0,36499.497643095165,0.2844865715938123
2065.0,-69184.12040059785,1,0.0,69184.12040059785,0.708512502107792
2070.0,-19909.34373405497,0,0.0,19909.34373405497,0.7239966128695189
2075.0,-17833.99928743029,0,0.0,17833.99928743029,0.5816160874377615
2080.0,-17294.200814695847,0,0.0,17294.200814695847,0.4224959970064055
2085.0,-13651.482262497466,1,5.0,13651.482262497466,0.4310836995799713
2090.0,-10683.183140426674,0,0.0,10683.183140426674,0.6787781107977952
2095.0,-20890.141666013587,1,2.0,20890.141666013587,0.4810449435997495
2100.0,-19475.23049950269,2,9.0,19475.23049950269,0.3719475030279242
2105.0,-34563.00888794547,2,5.0,34563.00888794547,0.3102606749598328
2110.0,-42529.383360804386,0,0.0,42529.383360804386,0.43939101640912026
2115.0,-88526.24843128072,2,2.0,88526.24843128072,0.5285019858566667
2120.0,-80853.33152208316,1,0.0,80853.33152208316,0.5903368214576376
2125.0,-97966.84437931089,1,0.0,97966.84437931089,0.5205427204743197
2130.0,-73566.76828996018,4,10.0,73566.76828996018,0.5195512460189144
2135.0,-67415.50900993815,0,8.0,67415.50900993815,0.43758168765629163
2140.0,-60429.600293719894,2,7.0,60429.600293719894,0.33678456969603465
2145.0,-98161.05316141536,7,29.0,98161.05316141536,0.3548743076988355
2150.0,-85626.40133252456,2,30.0,85626.40133252456,0.350673809152628
2155.0,-88488.19637921531,4,12.0,88488.19637921531,0.4741323751168592
2160.0,-81931.16547456267,6,25.0,81931.16547456267,0.44132113324717726
2165.0,-54570.02044394881,2,28.0,54570.02044394881,0.44611939059844374
2170.0,-50421.12755377504,3,11.0,50421.12755377504,0.3129242138331948
2175.0,-71178.671011312,7,27.0,71178.671011312,0.17281757342985624
2180.0,-116985.16125104205,1,25.0,116985.16125104205,0.441019856137728
2185.0,-80939.99520944987,1,8.0,80939.99520944987,0.553559197270387
2190.0,-57249.9118402055,2,16.0,57249.9118402055,0.5268682764781419
2195.0,-41132.47408499183,2,11.0,41132.47408499183,0.27711126819435444
2200.0,-78073.64238064432,5,21.0,78073.64238064432,0.22228635851973846
2205.0,-72109.38874948594,8,51.0,72109.38874948594,0.28464030850971206
2210.0,-71714.74331591456,1,47.0,71714.74331591456,0.38515191350275746
2215.0,-52566.281490159156,3,15.0,52566.281490159156,0.4267614904377737
2220.0,-87140.85769600481,6,26.0,87140.85769600481,0.30924734792121455
2225.0,-76562.46814582913,3,23.0,76562.46814582913,0.3610645263282476
2230.0,-67305.88610006784,1,9.0,67305.88610006784,0.42508305256214063
2235.0,-97171.47851608782,6,29.0,97171.47851608782,0.2885815395395356
2240.0,-122682.69387922122,3,29.0,122682.69387922122,0.35525855686909963
2245.0,-130993.52211766187,4,22.0,130993.52211766187,0.4008906819745873
2250.0,-92769.50395751535,7,47.0,92769.50395751535,0.46664533588848195
2255.0,-64937.75396417796,7,72.0,64937.75396417796,0.2758418155994699
2260.0,-97398.80995170606,6,78.0,97398.80995170606,0.28300025644148047
2265.0,-67391.52332799438,12,91.0,67391.52332799438,0.2713011134683096
2270.0,-75745.19642597745,4,103.0,75745.19642597745,0.23423644408018876
2275.0,-72687.46850699981,7,74.0,72687.46850699981,0.2717900779617446
2280.0,-56015.79022160482,10,86.0,56015.79022160482,0.263901564838696
2285.0,-65641.52299388454,8,98.0,65641.52299388454,0.20729388279801997
2290.0,-82009.33249111724,10,84.0,82009.33249111724,0.1868766997033678
2295.0,-114653.41359792216,5,77.0,114653.41359792216,0.3321695855802412
2300.0,-92921.57892698167,1,68.0,92921.57892698167,0.35912060644193483
2305.0,-103714.70526153668,5,55.0,103714.70526153668,0.3429397763705974
2310.0,-124870.2157400185,6,80.0,124870.2157400185,0.3958353622783791
2315.0,-83470.85479168037,5,80.0,83470.85479168037,0.37496112273118387
2320.0,-80897.11602801523,5,52.0,80897.11602801523,0.317987925949273
2325.0,-78023.39954426464,9,63.0,78023.39954426464,0.2769758031913737
2330.0,-65813.95183606635,8,85.0,65813.95183606635,0.1937838533857756
2335.0,-104783.8544842067,6,52.0,104783.8544842067,0.2714601253100351
2340.0,-66272.32938528007,7,45.0,66272.32938528007,0.36052686337002066
2345.0,-62036.098058051284,3,35.0,62036.098058051284,0.29330275967523933
2350.0,-83768.51894806746,8,25.0,83768.51894806746,0.29141894907948135
2355.0,-117611.91147502446,7,51.0,117611.91147502446,0.4444255951578525
2360.0,-59518.412511719805,2,48.0,59518.412511719805,0.4138895539517449
2365.0,-68523.93324473783,3,13.0,68523.93324473783,0.30065652248313457
2370.0,-78193.02404696807,5,26.0,78193.02404696807,0.3493327921078404
2375.0,-64158.70841050745,2,24.0,64158.70841050745,0.37859385528867584
2380.0,-53238.09323584525,4,12.0,53238.09323584525,0.30007554776564827
2385.0,-55166.82960726251,5,27.0,55166.82960726251,0.3642699500908957
2390.0,-58848.81053625476,3,20.0,58848.81053625476,0.3309937707604915
2395.0,-74201.28549434102,3,12.0,74201.28549434102,0.4095812705962068
2400.0,-57081.354505061165,3,27.0,57081.354505061165,0.3159946532385667
2405.0,-77294.2337267725,3,29.0,77294.2337267725,0.39485351440946964
2410.0,-74791.014182674,1,10.0,74791.014182674,0.4020266157499574
2415.0,-92374.88484080308,6,15.0,92374.88484080308,0.37717133134413544
2420.0,-90793.5594506816,0,11.0,90793.5594506816,0.3116808835339509
2425.0,-90920.52135129155,1,5.0,90920.52135129155,0.33659305564213976
2430.0,-149105.86108594816,3,16.0,149105.86108594816,0.3850861137141599
2435.0,-141545.0325298266,2,14.0,141545.0325298266,0.39589574470565936
2440.0,-124166.26526561475,7,27.0,124166.26526561475,0.3660274254429371
2445.0,-146556.2988687623,12,74.0,146556.2988687623,0.34814110135511755
2450.0,-69564.49700938772,10,108.0,69564.49700938772,0.1888933013941489
2455.0,-110483.00126383238,11,113.0,110483.00126383238,0.18882185139897487
2460.0,-110414.24688541735,9,95.0,110414.24688541735,0.1877648639631926
2465.0,-98365.43706611989,4,101.0,98365.43706611989,0.2735726373234544
2470.0,-100458.25149158874,9,83.0,100458.25149158874,0.25100256079383043
2475.0,-99364.7005778468,21,126.0,99364.7005778468,0.18374688401561137
2480.0,-91605.2107301374,13,157.0,91605.2107301374,0.14272833361077097
2485.0,-149016.28613494954,9,133.0,149016.28613494954,0.21626499773278557
2490.0,-148342.47140003607,10,107.0,148342.47140003607,0.23255301036066603
2495.0,-151460.93022888643,8,131.0,151460.93022888643,0.2911966319361052
2500.0,-113534.95466822217,7,124.0,113534.95466822217,0.2727625072363653
2505.0,-139168.43203720634,18,153.0,139168.43203720634,0.19533332958892735
2510.0,-131923.11393524773,16,181.0,131923.11393524773,0.1759139865464938
2515.0,-133221.79425138183,12,186.0,133221.79425138183,0.2156054336967393
2520.0,-149510.03193534815,12,168.0,149510.03193534815,0.25562404109658304
2525.0,-165788.25429269474,11,186.0,165788.25429269474,0.29006153677215535
2530.0,-124232.54810485983,11,172.0,124232.54810485983,0.2586053214513385
2535.0,-111846.62358200247,19,204.0,111846.62358200247,0.15495632365746914
2540.0,-119687.89269021289,16,238.0,119687.89269021289,0.14945600808957518
2545.0,-182909.8694296423,16,242.0,182909.8694296423,0.19371092029275427
2550.0,-130377.6477504423,12,234.0,130377.6477504423,0.22960139819847275
2555.0,-131439.4842536023,13,257.0,131439.4842536023,0.2005611574151252
2560.0,-121660.24516339501,12,236.0,121660.24516339501,0.15331992754363663
2565.0,-169793.38524305084,14,223.0,169793.38524305084,0.18705304296110756
2570.0,-107823.38581511455,13,244.0,107823.38581511455,0.2173735501652984
2575.0,-116030.92601610717,10,214.0,116030.92601610717,0.19935261045307953
2580.0,-131510.48103629486,13,180.0,131510.48103629486,0.16417354683965787
2585.0,-106215.31518071127,10,196.0,106215.31518071127,0.16571184671910597
2590.0,-132455.3684397711,11,173.0,132455.3684397711,0.20914604144615556
2595.0,-88450.62671388102,16,197.0,88450.62671388102,0.15988657718768737
2600.0,-118395.8059186798,15,230.0,118395.8059186798,0.15680165914897165
2605.0,-144043.12363420706,7,197.0,144043.12363420706,0.21178850585100287
2610.0,-155276.32382618994,10,165.0,155276.32382618994,0.26757945642885766
2615.0,-167032.12385172897,8,178.0,167032.12385172897,0.2763079994480878
2620.0,-164521.54105483592,12,165.0,164521.54105483592,0.31745830771636957
2625.0,-143747.25636063266,19,207.0,143747.25636063266,0.2747187779468786
2630.0,-109020.97693955849,13,232.0,109020.97693955849,0.15372014676878282
2635.0,-135600.5217371414,13,229.0,135600.5217371414,0.1727970212907922
2640.0,-119911.17560538664,12,225.0,119911.17560538664,0.20451891016365023
2645.0,-119835.44949911801,12,245.0,119835.44949911801,0.1692312585523108
2650.0,-121790.34533079057,12,226.0,121790.34533079057,0.20318790542433202
2655.0,-95073.4096156403,14,228.0,95073.4096156403,0.23536536020106327
2660.0,-85777.0283684675,12,250.0,85777.0283684675,0.14256785815531414
2665.0,-102059.84860490316,11,231.0,102059.84860490316,0.13099401628148966
2670.0,-118930.05503732944,11,198.0,118930.05503732944,0.16875561493232413
2675.0,-111908.18743361684,9,212.0,111908.18743361684,0.24569531556052487
2680.0,-115557.41287391254,8,179.0,115557.41287391254,0.2733433217270663
2685.0,-116519.86129526957,12,157.0,116519.86129526957,0.2684206369598715
2690.0,-130352.177553119,11,172.0,130352.177553119,0.22928441489262016
2695.0,-147385.07764760382,10,154.0,147385.07764760382,0.27251155975850766
2700.0,-117699.58253579303,12,149.0,117699.58253579303,0.18057866312380094
2705.0,-119899.659007075,12,168.0,119899.659007075,0.17119086352239218
2710.0,-135677.9410105309,8,162.0,135677.9410105309,0.20042497691522818
2715.0,-137614.26980645285,12,175.0,137614.26980645285,0.27204592873123123
2720.0,-143715.3685892494,11,190.0,143715.3685892494,0.2285794772481318
2725.0,-148365.49482584416,13,186.0,148365.49482584416,0.25746202836209414
2730.0,-120604.44867028265,15,186.0,120604.44867028265,0.2181352419629844
2735.0,-104268.5996384904,13,220.0,104268.5996384904,0.17889075293681636
2740.0,-109915.8228543473,10,214.0,109915.8228543473,0.15512418272135728
2745.0,-116275.35426554608,16,222.0,116275.35426554608,0.18051602839676967
2750.0,-92124.4020362798,12,245.0,92124.4020362798,0.2076563163101086
2755.0,-123242.98272927183,10,225.0,123242.98272927183,0.2143965153017441
2760.0,-87940.3437238514,11,188.0,87940.3437238514,0.2422125216298972
2765.0,-83644.50260092875,13,205.0,83644.50260092875,0.12450348442895287
2770.0,-92372.33374622457,9,186.0,92372.33374622457,0.13383888635688831
2775.0,-127263.63194949202,10,159.0,127263.63194949202,0.22270494744454758
2780.0,-150959.510613072,7,148.0,150959.510613072,0.3412313730075691
2785.0,-128093.32871983202,8,104.0,128093.32871983202,0.32368295496228056
2790.0,-108320.91098791391,12,109.0,108320.91098791391,0.2101440385395673
2795.0,-104238.68894612062,10,121.0,104238.68894612062,0.17836997687465453
2800.0,-135360.556924388,8,100.0,135360.556924388,0.21576460359992666
2805.0,-136867.24276500652,8,87.0,136867.24276500652,0.24818860663357242
2810.0,-109924.66828769037,11,98.0,109924.66828769037,0.23319382495083207
2815.0,-98649.23681980275,12,122.0,98649.23681980275,0.14171207331006877
2820.0,-106383.15886113532,21,165.0,106383.15886113532,0.16678410909779748
2825.0,-119612.31282998866,11,200.0,119612.31282998866,0.1865234457998391
2830.0,-135577.02878639157,10,178.0,135577.02878639157,0.1950387938074801
2835.0,-138867.62730082503,10,164.0,138867.62730082503,0.2320169641365219
2840.0,-152474.0082676861,8,178.0,152474.0082676861,0.3167617078241513
2845.0,-158979.5870803366,8,171.0,158979.5870803366,0.3225135623161958
2850.0,-120807.06635830461,13,166.0,120807.06635830461,0.20211130939938016
2855.0,-141176.65123842747,14,191.0,141176.65123842747,0.24090263686766777
2860.0,-143009.22104607054,12,197.0,143009.22104607054,0.24014306864324647
2865.0,-132991.58279599532,13,201.0,132991.58279599532,0.21961190141603465
2870.0,-141159.5471636924,11,220.0,141159.5471636924,0.1925854210728248
2875.0,-145596.63431359595,13,182.0,145596.63431359595,0.22596915342090057
2880.0,-145408.97462824464,19,237.0,145408.97462824464,0.1778988989719636
2885.0,-167721.19099424366,17,275.0,167721.19099424366,0.19243849831420629
2890.0,-141023.3329994166,13,246.0,141023.3329994166,0.19002971791237722
2895.0,-162643.52156548708,11,218.0,162643.52156548708,0.19830088903573845
2900.0,-158083.88142417194,10,233.0,158083.88142417194,0.1900256973603671
2905.0,-163283.64463685887,13,221.0,163283.64463685887,0.20344946237841482
2910.0,-161415.65461471348,22,231.0,161415.65461471348,0.17116888256654972
2915.0,-147597.05916181873,17,275.0,147597.05916181873,0.13132500706275238
2920.0,-211562.44154810012,16,273.0,211562.44154810012,0.1498122901407167
2925.0,-182391.42555088294,18,288.0,182391.42555088294,0.19393717822590967
2930.0,-155787.1741302251,15,336.0,155787.1741302251,0.13273000036311916
2935.0,-158258.73070302058,15,350.0,158258.73070302058,0.12406276336982873
2940.0,-183545.42909719519,18,357.0,183545.42909719519,0.14864638062891472
2945.0,-158727.71143083586,15,394.0,158727.71143083586,0.15782767869358652
2950.0,-171749.5581656291,21,403.0,171749.5581656291,0.1465833191507627
2955.0,-200567.56112371266,26,397.0,200567.56112371266,0.14398246857771343
2960.0,-193001.38501065454,23,470.0,193001.38501065454,0.1463791023872633
2965.0,-183249.03320153657,23,486.0,183249.03320153657,0.10979631924088405
2970.0,-203008.49060217757,20,522.0,203008.49060217757,0.13754273527734429
2975.0,-188025.75537390402,20,567.0,188025.75537390402,0.14026837199666384
2980.0,-151946.01880010773,19,555.0,151946.01880010773,0.1237407724195474
2985.0,-184406.5651732259,27,546.0,184406.5651732259,0.09584051488794887
2990.0,-188795.10290231084,26,617.0,188795.10290231084,0.10004064071793987
2995.0,-245402.92852070552,18,624.0,245402.92852070552,0.1585073373046663
3000.0,-201322.5600359831,21,635.0,201322.5600359831,0.14920469686848786
3005.0,-184450.2353238617,17,648.0,184450.2353238617,0.14475608921988245
3010.0,-178372.23910267692,19,610.0,178372.23910267692,0.14517973916089685
3015.0,-155801.45040057122,21,557.0,155801.45040057122,0.1195012862703407
3020.0,-155382.31894458766,17,601.0,155382.31894458766,0.10422248990793488
3025.0,-166092.8425357608,17,607.0,166092.8425357608,0.13485574132071174
3030.0,-173408.8089397379,20,605.0,173408.8089397379,0.1419330155439797
3035.0,-160453.42047355222,15,614.0,160453.42047355222,0.16029865582282019
3040.0,-138326.58803477386,18,543.0,138326.58803477386,0.12398333156367577
3045.0,-136950.5408492621,19,507.0,136950.5408492621,0.11253347122770457
3050.0,-123010.93788251416,12,548.0,123010.93788251416,0.10966830699860351
3055.0,-125778.81446131716,8,534.0,125778.81446131716,0.11553152392838997
3060.0,-120525.57966334667,14,541.0,120525.57966334667,0.1103993824193596
3065.0,-124307.76632290425,16,548.0,124307.76632290425,0.10891504970660311
3070.0,-114836.84018087071,11,487.0,114836.84018087071,0.13811617407841845
3075.0,-104336.83947572234,9,376.0,104336.83947572234,0.13184899544589587
3080.0,-108032.39484401252,6,388.0,108032.39484401252,0.17297439900624656
3085.0,-126226.03255652281,9,395.0,126226.03255652281,0.19123768638175093
3090.0,-91566.69546020642,16,450.0,91566.69546020642,0.1760619033692935
3095.0,-105451.38576481762,16,456.0,105451.38576481762,0.13244142942283083
3100.0,-94710.44744984439,10,380.0,94710.44744984439,0.15893474007518313
3105.0,-87772.59396217213,7,250.0,87772.59396217213,0.18263058747623315
3110.0,-77056.21133586581,6,267.0,77056.21133586581,0.20763069095506076
3115.0,-72145.33162582555,8,301.0,72145.33162582555,0.1405737868590902
3120.0,-86702.25047849753,15,355.0,86702.25047849753,0.15726225542932765
3125.0,-70241.87246672944,11,351.0,70241.87246672944,0.13475944857056774
3130.0,-72342.11084683255,5,240.0,72342.11084683255,0.18820521766183074
3135.0,-77212.49618378952,5,172.0,77212.49618378952,0.20452824982429102
3140.0,-62380.083402747056,5,187.0,62380.083402747056,0.2097753284293624
3145.0,-55720.137018836074,7,207.0,55720.137018836074,0.19688398678432428
3150.0,-60162.02242408108,10,251.0,60162.02242408108,0.19218592657833314
3155.0,-51524.51367426769,9,249.0,51524.51367426769,0.16774068522332553
3160.0,-64801.33941056466,8,205.0,64801.33941056466,0.19834651594622396
3165.0,-74455.23297412704,3,173.0,74455.23297412704,0.2621747455101938
3170.0,-61089.5853964105,0,141.0,61089.5853964105,0.4572970790210676
3175.0,-33574.474290828,3,140.0,33574.474290828,0.2794560194438097
3180.0,-40398.50054006422,5,163.0,40398.50054006422,0.1775128844462287
3185.0,-40333.42165662212,5,158.0,40333.42165662212,0.2598534783957112
3190.0,-36389.67280769008,2,107.0,36389.67280769008,0.284708073745518
3195.0,-35775.3610122021,1,33.0,35775.3610122021,0.32416817841873513
3200.0,-29774.725213505197,2,34.0,29774.725213505197,0.31813836198579387
3205.0,-33096.5529459863,4,46.0,33096.5529459863,0.16696111510021724
3210.0,-68459.35386375815,9,73.0,68459.35386375815,0.23047955093208292
3215.0,-52969.91150411633,5,68.0,52969.91150411633,0.32266350664759674
3220.0,-60537.76308498328,1,42.0,60537.76308498328,0.35733047402502793
3225.0,-59389.92921437747,1,17.0,59389.92921437747,0.4415120791398891
3230.0,-38255.68821867759,1,12.0,38255.68821867759,0.380754337983734
3235.0,-51655.05757290361,3,23.0,51655.05757290361,0.3252020440957862
3240.0,-38642.71249643307,5,46.0,38642.71249643307,0.3555786469358296
3245.0,-42590.50427490862,2,42.0,42590.50427490862,0.4413907320255186
3250.0,-30284.469691695595,2,22.0,30284.469691695595,0.1844073269395313
3255.0,-38645.93443909999,3,15.0,38645.93443909999,0.27632041047128175
3260.0,-53223.59161831765,1,8.0,53223.59161831765,0.4007407176781566
3265.0,-34938.76575621903,2,10.0,34938.76575621903,0.46937829761945415
3270.0,-45481.762146727764,7,24.0,45481.762146727764,0.22728085745372487
3275.0,-58383.40080836791,2,29.0,58383.40080836791,0.41127586062865923
3280.0,-55554.37456738028,1,12.0,55554.37456738028,0.5559100276953493
3285.0,-45067.7678024593,2,2.0,45067.7678024593,0.5342462072105084
3290.0,-44316.09522168982,2,5.0,44316.09522168982,0.3071759681894576
3295.0,-59179.805154878704,4,21.0,59179.805154878704,0.36871212656444907
3300.0,-50012.94059856724,6,46.0,50012.94059856724,0.4505619491654916
3305.0,-17464.216310537493,0,38.0,17464.216310537493,0.38328365251574986
3310.0,-12229.930867406532,2,8.0,12229.930867406532,0.2613189383490996
3315.0,-11096.047243705443,3,21.0,11096.047243705443,0.01952979720143045
3320.0,-17821.836876808957,0,18.0,17821.836876808957,0.250912536141852
3325.0,-7540.825753478928,0,0.0,7540.825753478928,0.9775202741708038
3330.0,-8388.043438284356,0,0.0,8388.043438284356,0.249201119965945
3335.0,-19983.226179699242,0,0.0,19983.226179699242,0.7872501321851021
3340.0,-6311.279940766728,0,0.0,6311.279940766728,0.9483962946781244
3345.0,-2961.0812120189094,0,0.0,2961.0812120189094,0.5058200178725077
3350.0,-13309.850266355661,0,0.0,13309.850266355661,0.222164869738564
3355.0,-23326.481644922354,0,0.0,23326.481644922354,0.6966684300278819
3360.0,-4896.334027234293,0,0.0,4896.334027234293,0.9399900716773065
3365.0,-0.0,0,0.0,0.0,0.5199370268467652
3370.0,-8324.237417884204,2,4.0,8324.237417884204,0.022301175442676596
3375.0,-11103.771031899443,2,14.0,11103.771031899443,0.14532623001932507
3380.0,-20041.362811985455,0,9.0,20041.362811985455,0.5153688813892578
3385.0,-3158.577557385478,0,0.0,3158.577557385478,0.38248174369756366
3390.0,-8618.638625306261,1,1.0,8618.638625306261,0.3158240403433683
3395.0,-9776.294990626506,0,0.0,9776.294990626506,0.5775850304664972
3400.0,-9112.271897197686,0,0.0,9112.271897197686,0.7883855594128043
3405.0,-13829.511335591647,0,0.0,13829.511335591647,0.2917138741437488
3410.0,-32313.09569825026,0,0.0,32313.09569825026,0.43880753022535673
3415.0,-42722.30080480389,1,1.0,42722.30080480389,0.6236629668960276
3420.0,-31087.581667869243,2,6.0,31087.581667869243,0.5345023855455787
3425.0,-22685.544957733557,0,1.0,22685.544957733557,0.5046005251162958
3430.0,-13320.840197160776,3,5.0,13320.840197160776,0.264386137175348
3435.0,-19150.845344907724,4,17.0,19150.845344907724,0.21054343823779767
3440.0,-34232.47391576581,0,10.0,34232.47391576581,0.43445039308645195
3445.0,-27013.427256333547,0,0.0,27013.427256333547,0.7598052731928548
3450.0,-10518.545168643712,0,0.0,10518.545168643712,0.5051871224241723
3455.0,-15159.003595582653,0,0.0,15159.003595582653,0.5860844668561122
3460.0,-2624.709133299288,1,4.0,2624.709133299288,0.6369578453732458
3465.0,-5007.543419558686,1,9.0,5007.543419558686,0.0137155842577865
3470.0,-8077.517153194212,0,3.0,8077.517153194212,0.19080570994673146
3475.0,-19443.960054775904,1,0.0,19443.960054775904,0.37006150399781584
3480.0,-31441.034241252015,1,0.0,31441.034241252015,0.4971766567757697
3485.0,-39763.48715394003,0,0.0,39763.48715394003,0.7509275438031361
3490.0,-21298.12660099643,1,2.0,21298.12660099643,0.7020557123450102
3495.0,-2624.722222222222,1,7.0,2624.722222222222,0.3278777406285439
3500.0,-6452.958290190752,0,1.0,6452.958290190752,0.10995046433649788
3505.0,0.0,0,0.0,0.0,1.0
3510.0,-4563.764075963658,0,0.0,4563.764075963658,0.1592102185555479
3515.0,-15562.779612810471,0,0.0,15562.779612810471,0.6360376381809383
3520.0,-9207.198740970325,0,0.0,9207.198740970325,0.933124078662189
3525.0,-3945.9772289939565,0,0.0,3945.9772289939565,0.8741516805189087
3530.0,-2366.292471218175,0,0.0,2366.292471218175,0.014616259696838652
3535.0,-2624.722222222222,1,5.0,2624.722222222222,0.0
3540.0,-5249.444444444444,2,10.0,5249.444444444444,0.0
3545.0,-9316.767649086181,0,0.0,9316.767649086181,0.22529772260889974
3550.0,-20654.986664257478,0,0.0,20654.986664257478,0.7378629929401155
3555.0,-8922.495288908565,0,0.0,8922.495288908565,0.9689677423073421
3560.0,-7372.634350250826,0,0.0,7372.634350250826,0.40322108924754113
3565.0,-8939.446809898076,1,3.0,8939.446809898076,0.2860374434518232
3570.0,-17189.265959659417,1,8.0,17189.265959659417,0.49765204742111185
3575.0,-2937.1566870645674,0,0.0,2937.1566870645674,0.4350311975338005
3580.0,-13015.066898947372,0,0.0,13015.066898947372,0.360246857402623
3585.0,-9030.495142172666,1,4.0,9030.495142172666,0.4962252698126784
3590.0,-8129.2123632944495,0,0.0,8129.2123632944495,0.5303330667280068
3595.0,-9769.396080723482,0,0.0,9769.396080723482,0.3059122513091832
3600.0,-8080.839870337979,1,5.0,8080.839870337979,0.4006890384658028
